commit id,author,date,comment,changed files,lines added,lines deleted,,,lines,added,
75dbff9,huangyang,Wed Sep 16 23:50:24 2020,update,   6 files changed, 384 insertions(+), 1 deletion(-) ,,,,384,insertions(+)
ae8e11d,huangyang,Sun Sep 13 21:07:48 2020,update,   3 files changed, 131 insertions(+), 1 deletion(-) ,,,,131,insertions(+)
5c4d706,huangyang,Sun Sep 6 21:09:05 2020,add _____å®_¤ºä¾,   2 files changed, 21 insertions(+) ,,,,,21,insertions(+)
ccd8b1d,YangHuang,Mon Apr 6 12:26:33 2020,update,   5 files changed, 265 insertions(+), 49 deletions(-) ,,,,265,insertions(+)
b14e67c,YangHuang,Sun Mar 22 22:56:44 2020,update,   13 files changed, 322 insertions(+), 2 deletions(-) ,,,,322,insertions(+)
bf89bd9,YangHuang,Sun Mar 15 22:19:55 2020,update,   75 files changed, 2003 insertions(+), 13 deletions(-) ,,,,2003,insertions(+)
88327b0,YangHuang,Sat Mar 14 23:26:08 2020,update,   37 files changed, 2100 insertions(+), 1 deletion(-) ,,,,2100,insertions(+)
df47d8d,YangHuang,Sat Mar 14 20:46:16 2020,Set theme jekyll-theme-slate,   1 file changed, 1 insertion(+), 1 deletion(-) ,,,,1,insertion(+)
91be8e7,YangHuang,Sat Mar 14 20:40:58 2020,Set theme jekyll-theme-leap-day,   1 file changed, 1 insertion(+), 1 deletion(-) ,,,,1,insertion(+)
0930b57,YangHuang,Sat Mar 14 20:37:26 2020,update,   1 file changed, 3 insertions(+), 3 deletions(-) ,,,,3,insertions(+)
868a620,YangHuang,Sat Mar 14 20:33:51 2020,update,   3 files changed, 354 insertions(+), 9 deletions(-) ,,,,354,insertions(+)
6b0b4d1,YangHuang,Sat Mar 14 16:22:08 2020,update,   122 files changed, 7809 insertions(+), 4 deletions(-) ,,,,7809,insertions(+)
36bb6cc,YangHuang,Sat Mar 14 13:48:07 2020,Merge branch 'master' of https://github.com/sunday1103/Notebook, ,,,,,,,
c682fe7,YangHuang,Sat Mar 14 13:46:28 2020,update,   1 file changed, 3 deletions(-) ,,,,,3,deletions(-)
a09201f,YangHuang,Sat Mar 14 13:42:06 2020,Set theme jekyll-theme-minimal,   1 file changed, 1 insertion(+) ,,,,,1,insertion(+)
0bdd9b3,YangHuang,Sun Feb 23 12:11:40 2020,update,   8 files changed, 184 insertions(+), 5 deletions(-) ,,,,184,insertions(+)
cf05c35,YangHuang,Sat Feb 1 18:14:04 2020,update,   8 files changed, 633 insertions(+) ,,,,,633,insertions(+)
671540c,YangHuang,Wed Jan 29 20:12:26 2020,update,   57 files changed, 96 insertions(+), 4771 deletions(-) ,,,,96,insertions(+)
454b27a,YangHuang,Sat Nov 16 21:36:52 2019,GMOCK,   8 files changed, 89 insertions(+), 28 deletions(-) ,,,,89,insertions(+)
646bfe1,YangHuang,Sat Nov 9 23:33:56 2019,update,   11 files changed, 510 insertions(+), 40 deletions(-) ,,,,510,insertions(+)
a29467b,YangHuang,Tue Sep 17 00:04:55 2019,update,   9 files changed, 512 insertions(+), 689 deletions(-) ,,,,512,insertions(+)
ca91f3e,YangHuang,Sun Aug 25 23:07:16 2019,scanf [],   4 files changed, 247 insertions(+) ,,,,,247,insertions(+)
4ba15fb,YangHuang,Mon Aug 19 00:28:42 2019,array malloc,   5 files changed, 137 insertions(+), 4 deletions(-) ,,,,137,insertions(+)
9.23E+04,YangHuang,Sun Aug 18 20:47:18 2019,hash.md,   2 files changed, 167 insertions(+) ,,,,,167,insertions(+)
ddf4481,YangHuang,Sun Aug 18 00:51:45 2019,mod name,   96 files changed, 82 insertions(+) ,,,,,82,insertions(+)
7c640cd,YangHuang,Sun Aug 18 00:10:06 2019,add gdb display doc,   6 files changed, 308 insertions(+), 1 deletion(-) ,,,,308,insertions(+)
57e9ce9,YangHuang,Sat Aug 17 00:26:36 2019,update,   11 files changed, 160 insertions(+) ,,,,,160,insertions(+)
f463902,YangHuang,Fri Aug 16 22:45:56 2019,dirs change,   41 files changed, 164 deletions(-) ,,,,,164,deletions(-)
1e28f0c,YangHuang,Fri Aug 16 22:37:52 2019,update,   1 file changed, 66 insertions(+) ,,,,,66,insertions(+)
c5a7d78,YangHuang,Sat Aug 3 16:45:44 2019,update,   2 files changed, 39 insertions(+), 1 deletion(-) ,,,,39,insertions(+)
a4b14f1,YangHuang,Sun Jul 28 23:07:12 2019,add _¾æ_,   7 files changed, 566 insertions(+) ,,,,,566,insertions(+)
82ff915,YangHuang,Sat Jul 27 22:36:13 2019,_°ç_____,   5 files changed, 120 insertions(+), 6 deletions(-) ,,,,120,insertions(+)
41c6fcf,YangHuang,Sat Jul 27 22:08:49 2019,add dir,   1 file changed, 27 insertions(+) ,,,,,27,insertions(+)
93aaaad,YangHuang,Sun Jul 21 23:23:24 2019,Update README.md,   1 file changed, 1 insertion(+), 1 deletion(-) ,,,,1,insertion(+)
b55cb32,YangHuang,Sun Jul 21 23:20:02 2019,add readme __,   1 file changed, 1 insertion(+), 1 deletion(-) ,,,,1,insertion(+)
2ec6d46,YangHuang,Sun Jul 21 23:15:49 2019,add readme __,   2 files changed, 11 insertions(+), 2 deletions(-) ,,,,11,insertions(+)
2b4fcd8,YangHuang,Sun Jul 21 23:09:06 2019,rename,   1 file changed, 0 insertions(+), 0 deletions(-) ,,,,0,insertions(+)
9ce7f8b,YangHuang,Sun Jul 21 23:07:04 2019,è°____é¡ºå_,   7 files changed, 72 insertions(+) ,,,,,72,insertions(+)
cb08e78,YangHuang,Sun Jul 21 21:09:58 2019,è°____é¡ºå_,   43 files changed, 0 insertions(+), 0 deletions(-) ,,,,0,insertions(+)
35d05c8,YangHuang,Sun Jul 14 22:13:40 2019,_´ç___»¶å¤,   126 files changed, 12883 insertions(+) ,,,,,12883,insertions(+)
f1e2173,YangHuang,Sun Jul 14 11:37:18 2019,_´ç___»¶å¤,   126 files changed, 12883 deletions(-) ,,,,,12883,deletions(-)
c1d3bd5,YangHuang,Sun Jul 14 11:33:24 2019,_´ç___»¶å¤,   179 files changed, 1191 insertions(+), 1164 deletions(-) ,,,,1191,insertions(+)
d282a21,YangHuang,Wed Jul 25 23:08:38 2018,725,   2 files changed, 117 insertions(+) ,,,,,117,insertions(+)
d9d3c79,YangHuang,Sat Jun 9 00:10:31 2018,add class example,   3 files changed, 49 insertions(+), 2 deletions(-) ,,,,49,insertions(+)
e4f4603,YangHuang,Thu Jun 7 00:34:00 2018,607,   2 files changed, 47 insertions(+), 4 deletions(-) ,,,,47,insertions(+)
4a3d176,YangHuang,Fri Jun 1 00:05:17 2018,å¢__Sales_Dataç±»å_å­¦ä_ç¬_,   2 files changed, 130 insertions(+) ,,,,,130,insertions(+)
dc013f6,huangyang,Sun May 20 19:43:36 2018,shortpath,   1 file changed, 39 insertions(+) ,,,,,39,insertions(+)
415ce06,YangHuang,Thu May 10 23:49:14 2018,Create Cè¯_æ¨¡å__.md,   1 file changed, 4 insertions(+) ,,,,,4,insertions(+)
544e6b8,huangyang,Sun May 6 17:22:04 2018,leetcode14-15,   3 files changed, 99 insertions(+), 5 deletions(-) ,,,,99,insertions(+)
26fc62f,huangyang,Sun Apr 29 10:53:55 2018,Merge branch 'master' of https://github.com/sunday1103/Notebook, ,,,,,,,
d2018f0,huangyang,Sun Apr 29 10:53:26 2018,gtest,   1 file changed, 52 insertions(+) ,,,,,52,insertions(+)
1f218fc,YangHuang,Sun Apr 22 18:26:36 2018,Create dict_¼è½¬_.py,   1 file changed, 18 insertions(+) ,,,,,18,insertions(+)
f4a3fa9,huangyang,Tue Feb 13 18:15:33 2018,gtest,   7 files changed, 189 insertions(+), 685 deletions(-) ,,,,189,insertions(+)
5ad4270,huangyang,Tue Feb 13 10:38:05 2018,_´æ_gtestå®_è¯´æ_,   3 files changed, 34 insertions(+), 1 deletion(-) ,,,,34,insertions(+)
35d5fe7,huangyang,Sun Feb 11 22:12:21 2018,Merge branch 'master' of https://github.com/sunday1103/Notebook, ,,,,,,,
b3cb41e,huangyang,Sun Feb 11 22:12:06 2018,fsm,   2 files changed, 151 insertions(+) ,,,,,151,insertions(+)
d9268d8,YangHuang,Sat Jan 27 22:19:37 2018,Gtest,   1 file changed, 117 insertions(+) ,,,,,117,insertions(+)
5a56635,YangHuang,Fri Jan 26 22:23:23 2018,_»é_ä¸__è¦__ä»,   3 files changed, 17 deletions(-) ,,,,,17,deletions(-)
fcb5755,YangHuang,Fri Jan 26 22:20:16 2018,Merge branch 'master' of https://github.com/sunday1103/Notebook, ,,,,,,,
1d03e46,YangHuang,Fri Jan 26 22:19:14 2018,_»é_Markdownä¹±ç_,   16 files changed, 1108 deletions(-) ,,,,,1108,deletions(-)
a9d3ce6,YangHuang,Thu Jan 25 22:13:14 2018,Set theme jekyll-theme-leap-day,   1 file changed, 1 insertion(+) ,,,,,1,insertion(+)
190f844,YangHuang,Thu Jan 25 00:18:10 2018,GUI___,   2 files changed, 60 insertions(+), 25 deletions(-) ,,,,60,insertions(+)
be3063e,YangHuang,Wed Jan 24 22:39:59 2018,GUI,   11 files changed, 1225 insertions(+) ,,,,,1225,insertions(+)
8efd7e4,huangyang,Sat Jan 20 12:28:30 2018,_´æ___ç»__,   258 files changed, 4 deletions(-) ,,,,,4,deletions(-)
e826651,YangHuang,Sat Dec 30 20:16:29 2017,Create 8-PalindromeNumber.py,   1 file changed, 54 insertions(+) ,,,,,54,insertions(+)
8b26973,YangHuang,Sat Dec 30 00:25:33 2017,4-findMedianSortedArrays,   1 file changed, 34 insertions(+) ,,,,,34,insertions(+)
1968015,YangHuang,Fri Dec 29 00:07:47 2017,4-findMedianSortedArrays,   1 file changed, 74 insertions(+) ,,,,,74,insertions(+)
c482a27,YangHuang,Wed Nov 8 23:41:35 2017,4-findMedianSortedArrays,   1 file changed, 58 insertions(+) ,,,,,58,insertions(+)
3d57e2d,YangHuang,Sun Nov 5 23:58:00 2017,add numpy.ipynb,   3 files changed, 118 insertions(+), 53 deletions(-) ,,,,118,insertions(+)
e6f51e6,YangHuang,Wed Nov 1 23:37:40 2017,å¢__Python notebook,   42 files changed, 7940 insertions(+) ,,,,,7940,insertions(+)
89f0322,YangHuang,Fri Oct 27 22:25:58 2017,4-findMedianSortedArrays,   1 file changed, 73 insertions(+) ,,,,,73,insertions(+)
4.64E+06,HuangYang,Fri Oct 20 00:12:05 2017,LeetCode Add,   7 files changed, 175 insertions(+), 1 deletion(-) ,,,,175,insertions(+)
ac587f5,huangyang,Tue Oct 3 17:51:24 2017,leetcode python notebook,   1 file changed, 88 insertions(+) ,,,,,88,insertions(+)
198040,YangHuang,Sun Oct 1 13:06:20 2017,_å¤§å__°ç_,   2 files changed, 30 insertions(+), 1 deletion(-) ,,,,30,insertions(+)
298c6d0,YangHuang,Sun Sep 24 23:46:16 2017,DP_ºç1,   2 files changed, 286 insertions(+) ,,,,,286,insertions(+)
cbdfdec,YangHuang,Thu Sep 14 00:02:46 2017,Pythonç»__¹å_å­_ä¸²ä¸ª_,   3 files changed, 129 insertions(+), 5 deletions(-) ,,,,129,insertions(+)